BlackAvg,WhiteAvg,HispanicAvg,AvgIncome,Combo,school_id,SQRPRating,SQRPRankingNumber,AccountabilityStatus,AccountabilityStatusNumber,NSAReading3-8,NSAMath3-8
0.98,0.01,0,35438.31082,BB,609902,Level 2,4,Provisional Support,2,34,22
0.01,0.18,0.78,49523.80587,BH,609903,Level 1+,1,Good Standing,1,58,54
0.95,0.03,0.02,23917.21993,AB,609904,Level 1+,1,Good Standing,1,63,53
0.88,0.05,0.03,35707.92092,BB,609908,Level 2,4,Provisional Support,2,37,17
0.02,0.16,0.61,42501.51011,B,609909,Level 1+,1,Good Standing,1,61,62
0.02,0.2,0.75,41530.27049,BH,609910,Level 1,2,Good Standing,1,50,50
0.01,0.68,0.18,72980.09537,C,609912,Level 1,2,Good Standing,1,81,83
0.95,0.02,0.01,27938.85897,AB,610213,Level 1,2,Good Standing,1,33,29
0.97,0,0.02,47748.46357,BB,609917,Level 1,2,Good Standing,1,79,79
0.68,0.16,0.05,18445.42033,A,609919,Level 1+,1,Good Standing,1,43,58
0.01,0.02,0.98,26504.21251,A,609920,Level 2+,3,Good Standing,1,31,25
0.02,0.02,0.93,30504.06601,BH,609921,Level 2+,3,Good Standing,1,51,26
0.95,0,0.02,32033.07633,BB,609924,Level 2,4,Provisional Support,2,21,9
0.97,0,0.02,56229.58829,BB,609927,Level 2+,3,Good Standing,1,49,35
0.94,0.02,0.01,28625.08446,AB,609928,Level 1,2,Good Standing,1,22,25
0.46,0.01,0.51,30075.88369,B,609929,Level 1,2,Good Standing,1,22,29
0.13,0.23,0.62,38712.56347,B,609930,Level 2+,3,Good Standing,1,48,35
0.31,0.44,0.15,32191.21585,B,609933,Level 2,4,Intensive Support,3,30,18
0.01,0.12,0.87,31762.64875,BH,609935,Level 2+,3,Good Standing,1,55,47
0,0.75,0.17,72893.03368,CW,609937,Level 1+,1,Good Standing,1,87,85
0.97,0.01,0.01,47447.58726,BB,609939,Level 3,5,Intensive Support,3,31,21
0.91,0.01,0.07,38434.92248,BB,609941,Level 2+,3,Good Standing,1,24,22
0.02,0.5,0.42,56327.52998,B,609942,Level 1+,1,Good Standing,1,82,83
0.05,0.35,0.6,35243.67387,B,609944,Level 1,2,Good Standing,1,84,78
0.2,0.51,0.1,33492.25298,B,609945,Level 1+,1,Good Standing,1,87,85
0.16,0.52,0.28,45244.0577,B,609947,Level 2+,3,Good Standing,1,50,44
0.01,0.39,0.54,56799.28325,B,609949,Level 1,2,Good Standing,1,65,68
0.01,0.02,0.97,36814.74935,BH,609950,Inability to Rate,FALSE,Good Standing,1,0,0
0.01,0.16,0.67,39519.05891,B,609952,Level 2+,3,Good Standing,1,33,33
0.9,0.04,0.04,18884.26484,AB,609954,Level 2+,3,Good Standing,1,38,26
0.97,0.01,0,38835.60926,BB,609955,Level 1+,1,Intensive Support,3,49,43
0.02,0.35,0.63,56003.06298,B,609956,Level 1+,1,Good Standing,1,84,84
0.03,0.02,0.01,30158.36506,B,609959,Level 1+,1,Good Standing,1,91,98
0,0.49,0.48,61102.89603,C,609960,Level 1+,1,Good Standing,1,78,70
0.81,0.02,0.17,24657.2558,AB,609961,Level 3,5,Intensive Support,3,22,8
0.01,0.85,0.06,106644.7841,DW,609963,Level 1+,1,Good Standing,1,94,83
0.12,0.05,0.82,31926.38606,BH,609964,Level 2,4,Intensive Support,3,19,14
0.12,0.08,0.79,29202.90472,A,609966,Level 2+,3,Good Standing,1,42,19
0.31,0.07,0.59,33540.56884,B,609967,Level 2+,3,Good Standing,1,55,43
0.06,0.11,0.83,37045.60323,BH,609968,Level 2+,3,Good Standing,1,33,25
0.47,0.35,0.08,42231.44349,B,609969,Level 1,2,Good Standing,1,65,47
0.93,0.02,0.02,24155.96779,AB,609971,Level 2+,3,Intensive Support,3,14,17
0.05,0.24,0.56,49613.12229,B,609972,Level 1,2,Good Standing,1,56,50
0.01,0.03,0.97,36116.8331,BH,609973,Level 1+,1,Good Standing,1,59,74
0.82,0.01,0.17,38070.18194,BB,609975,Level 2,4,Provisional Support,2,29,27
0.94,0.03,0.02,50521.04437,BB,610188,Level 2,4,Provisional Support,2,60,21
0.24,0.52,0.16,45947.07674,B,610355,Level 2+,3,Good Standing,1,48,42
0.1,0.09,0.79,47284.47879,BH,610192,Level 2,4,Provisional Support,2,34,30
0.64,0.03,0.3,30011.14822,B,610193,Level 2,4,Provisional Support,2,25,24
0.97,0,0.03,23300.06376,AB,610194,Level 1+,1,Good Standing,1,54,58
0.28,0.64,0.05,100223.1559,D,610195,Level 1,2,Good Standing,1,88,58
0.18,0.51,0.14,40575.50586,B,610196,Level 2+,3,Good Standing,1,55,62
0.06,0.1,0.83,32641.09929,BH,610198,Level 2+,3,Good Standing,1,57,47
0.97,0.02,0,76891.07707,C,610199,Level 1+,1,Good Standing,1,69,72
0.62,0.03,0.35,23589.67538,A,610200,Level 2,4,Intensive Support,3,14,9
0.96,0.02,0.02,21242.04762,AB,610202,Level 1,2,Good Standing,1,42,26
0.04,0.22,0.73,54067.78094,B,610544,Level 1,2,Good Standing,1,69,60
0.02,0.15,0.83,17784.3001,A,610117,Level 1,2,Good Standing,1,52,59
0.02,0.12,0.81,41049.74391,BH,609789,Level 1,2,Good Standing,1,42,41
0.02,0.3,0.61,59208.68453,B,610159,Level 1+,1,Good Standing,1,69,69
0.02,0.27,0.65,55789.65656,B,610144,Level 1,2,Good Standing,1,49,39
0.11,0.45,0.2,53156.16195,B,609804,Level 1+,1,Good Standing,1,73,69
0.06,0.61,0.11,45919.40654,B,610542,Level 1+,1,Good Standing,1,85,86
0.02,0.26,0.68,53967.39383,B,610046,Level 1+,1,Good Standing,1,92,88
0.01,0.34,0.62,48230.77298,B,610539,Level 1,2,Good Standing,1,61,46
0.02,0.16,0.77,45865.98988,BH,610165,Level 1,2,Good Standing,1,57,55
0.01,0.48,0.45,55448.63713,B,610145,Level 1,2,Good Standing,1,72,62
0.07,0.04,0.88,39674.34271,BH,610203,Level 2+,3,Good Standing,1,51,56
0.02,0.38,0.6,45005.54395,B,610206,Level 1+,1,Good Standing,1,81,83
0.97,0.01,0.01,35593.95904,BB,609978,Level 1,2,Good Standing,1,46,46
0.01,0.24,0.17,40734.87442,B,609979,Level 1+,1,Good Standing,1,94,99
0.21,0.15,0.58,53821.54972,B,609981,Level 1,2,Good Standing,1,45,49
0.06,0.04,0.89,27838.85285,A,609983,Level 1,2,Good Standing,1,42,33
0.94,0.02,0.03,25347.54194,AB,609985,Level 1+,1,Good Standing,1,97,88
0.75,0.01,0.24,28074.47534,AB,609986,Level 2,4,Intensive Support,3,28,15
0.44,0.31,0.17,36336.93757,B,609987,Level 1,2,Good Standing,1,30,24
0.03,0.24,0.61,53432.40789,B,609988,Level 1,2,Good Standing,1,64,62
0.76,0.13,0.07,50573.31678,BB,610252,Level 2,4,Intensive Support,3,2,7
0.16,0.55,0.05,101637.4183,D,609990,Level 1+,1,Good Standing,1,98,96
0.92,0,0.04,19325.29332,AB,609991,Level 2+,3,Good Standing,1,11,32
0.04,0.04,0.88,41747.96654,BH,609993,Level 1,2,Good Standing,1,60,49
0.07,0.31,0.42,47360.33331,B,609994,Level 1+,1,Good Standing,1,53,62
0.01,0.73,0.19,65879.87267,CW,609995,Level 1+,1,Good Standing,1,87,84
0.04,0.29,0.29,37042.90004,B,609996,Level 1+,1,Good Standing,1,79,96
0.91,0.01,0.03,25981.92716,AB,609997,Level 2,4,Intensive Support,3,16,12
0.91,0.01,0.07,27144.69465,AB,610000,Level 1,2,Good Standing,1,20,33
0.99,0,0,32134.35644,BB,610003,Level 1+,1,Good Standing,1,62,31
0.01,0.05,0.86,34190.39864,BH,610170,Level 1+,1,Good Standing,1,78,77
0.61,0.04,0.35,29953.76385,A,610171,Level 1,2,Good Standing,1,39,26
0.78,0.04,0.16,22898.74164,AB,610172,Level 2+,3,Good Standing,1,28,21
0.93,0.03,0.04,21655.18692,AB,610173,Level 1+,1,Good Standing,1,91,82
0.01,0.06,0.9,39059.93027,BH,610174,Level 1,2,Good Standing,1,48,42
0.43,0.3,0.07,55247.57069,B,610175,Level 1+,1,Good Standing,1,72,60
0.92,0.01,0.02,33969.66089,BB,610176,Level 1,2,Good Standing,1,35,59
0.94,0.02,0.01,44671.57864,BB,610178,Level 2+,3,Good Standing,1,39,27
0.01,0.57,0.35,59672.57606,B,610179,Level 1,2,Good Standing,1,85,80
0.3,0.37,0.11,66112.96436,C,610180,Level 2,4,Intensive Support,3,11,4
0.98,0.01,0.01,52917.59687,BB,610002,Level 1,2,Good Standing,1,70,58
0.96,0.01,0.02,20305.7084,AB,610183,Level 2,4,Intensive Support,3,14,7
0.17,0.03,0.78,31068.24539,B,610184,Level 2+,3,Good Standing,1,28,24
0.1,0.17,0.71,51415.27784,BH,610185,Level 1,2,Good Standing,1,70,60
0.98,0,0.01,26728.15484,AB,610208,Level 1+,1,Good Standing,1,54,63
0.01,0.89,0.07,96584.95701,CW,609899,Level 1+,1,Good Standing,1,97,94
0.01,0.84,0.08,76095.6856,CW,610523,Level 1+,1,Good Standing,1,95,89
0.04,0.23,0.49,55712.35615,B,610209,Level 1,2,Good Standing,1,62,57
0.04,0.28,0.56,49554.15441,B,610216,Level 1,2,Good Standing,1,58,56
0.02,0.24,0.07,30437.43295,B,610217,Level 1+,1,Good Standing,1,86,97
0.96,0.02,0.01,39688.04595,BB,610218,Level 2+,3,Good Standing,1,61,39
0.02,0.28,0.69,55753.4668,B,610219,Level 1,2,Good Standing,1,77,73
0.03,0.64,0.21,80053.35734,C,610220,Level 1,2,Good Standing,1,95,80
0.97,0,0.02,25412.35951,AB,610221,Level 1,2,Good Standing,1,61,45
0.94,0.01,0.04,23906.93414,AB,610223,Level 2,4,Provisional Support,2,14,13
0.93,0.01,0.03,24999.84072,AB,610225,Level 1,2,Good Standing,1,95,81
0.01,0.06,0.92,50611.06272,BH,610226,Level 1,2,Good Standing,1,49,57
0.01,0.02,0.95,39281.90624,BH,610227,Level 1,2,Good Standing,1,58,64
0.01,0.1,0.88,37882.8467,BH,610228,Level 2+,3,Good Standing,1,35,22
0.05,0.69,0.18,102171.0172,D,610229,Level 1,2,Good Standing,1,92,88
0,0.84,0.11,98803.14611,CW,610230,Level 1+,1,Good Standing,1,96,95
0.3,0.28,0.07,67836.46545,C,610231,Level 1+,1,Good Standing,1,70,57
0.1,0.39,0.47,55880.77078,B,610234,Level 2,4,Provisional Support,2,23,18
0.79,0.01,0.18,40895.18894,BB,610235,Level 2,4,Provisional Support,2,37,17
0.88,0.05,0.02,14695.78402,AB,610237,Level 2,4,Intensive Support,3,21,7
0.96,0,0.02,27081.98231,AB,610238,Level 1,2,Good Standing,1,41,22
0.08,0.06,0.85,30578.3113,BH,610239,Level 2+,3,Good Standing,1,36,31
0.2,0.56,0.12,34826.90671,B,610242,Level 1,2,Good Standing,1,71,60
0.83,0.09,0.05,34318.30262,BB,610251,Level 2,4,Provisional Support,2,29,25
0.95,0.02,0.03,24471.11783,AB,610254,Level 2+,3,Intensive Support,3,15,19
0.85,0.06,0.03,43426.19179,BB,610256,Level 1,2,Provisional Support,2,99,43
0.69,0.08,0.23,28160.54233,A,610257,Level 1,2,Good Standing,1,33,48
0.95,0,0,15834.1,AB,610263,Level 2+,3,Good Standing,1,16,14
0.94,0.02,0.02,23884.60374,AB,610268,Level 2+,3,Provisional Support,2,25,17
0.21,0.51,0.11,41527.09156,B,610269,Level 1+,1,Good Standing,1,71,78
0.88,0.02,0.09,22181.04757,AB,610274,Level 2+,3,Good Standing,1,25,17
0.94,0.03,0.02,37532.8068,BB,610276,Level 2,4,Intensive Support,3,27,22
0.96,0.01,0.01,28172.64763,AB,610279,Level 2,4,Provisional Support,2,24,14
0.02,0.73,0.16,114249.4945,DW,610138,Level 1+,1,Good Standing,1,90,85
0.89,0.07,0.02,21591.74406,AB,610281,Level 2+,3,Good Standing,1,34,21
0.91,0.01,0.08,28571.27356,AB,610282,Level 1,2,Intensive Support,3,34,44
0.25,0.39,0.26,42963.80058,B,610284,Level 2,4,Provisional Support,2,54,43
0.34,0.07,0.58,48253.23013,B,610396,Level 1,2,Good Standing,1,73,72
0.03,0.64,0.06,29250.24277,A,610182,Level 1+,1,Good Standing,1,96,97
0.95,0,0.03,42654.87273,BB,610295,Level 2+,3,Good Standing,1,65,35
0.89,0,0.07,22550.56148,AB,610299,Level 2,4,Intensive Support,3,6,7
0.98,0.01,0,32492.09091,BB,610300,Level 2,4,Provisional Support,2,11,9
0.93,0.03,0.04,21552.19273,AB,610305,Level 2,4,Provisional Support,2,20,14
0.96,0,0.01,45051.67094,BB,610312,Level 1+,1,Good Standing,1,76,60
0.15,0.44,0.32,67473.22865,C,610313,Level 2,4,Provisional Support,2,34,15
0.95,0.01,0.02,42371.72899,BB,610315,Level 2,4,Intensive Support,3,41,26
0.98,0.01,0.01,41961.73034,BB,610316,Level 1+,1,Good Standing,1,90,84
0.95,0.01,0.03,29440.39084,AB,610339,Level 2+,3,Intensive Support,3,24,20
0.26,0.1,0.63,40342.58494,B,610021,Level 1+,1,Good Standing,1,78,83
0.16,0.47,0.25,37653.00785,B,610022,Level 1,2,Good Standing,1,58,42
0.78,0.07,0.11,39266.66627,BB,610271,Level 1,2,Provisional Support,2,28,31
0.08,0.03,0.88,33298.56312,BH,610024,Level 1+,1,Good Standing,1,57,88
0,0.57,0.42,75926.05767,C,610026,Level 1+,1,Good Standing,1,81,76
0.95,0.02,0.01,50113.07858,BB,610027,Level 2+,3,Good Standing,1,51,39
0.36,0.43,0.06,47357.0003,B,610030,Level 2+,3,Provisional Support,2,43,28
0.93,0.02,0.04,29974.07945,AB,609821,Level 1,2,Good Standing,1,62,36
0.22,0.07,0.56,40708.75491,B,609829,Level 1,2,Good Standing,1,79,78
0.88,0.03,0.08,28567.6288,AB,609830,Level 2+,3,Good Standing,1,31,33
0,0.62,0.36,73358.98621,C,609832,Level 1,2,Good Standing,1,71,67
0.99,0,0,48925.1455,BB,609833,Level 1+,1,Good Standing,1,84,57
0,0.01,0.99,32230.19673,BH,609834,Level 1,2,Good Standing,1,46,31
0.3,0.03,0.65,25246.34986,A,609835,Level 1,2,Good Standing,1,51,54
0.01,0.75,0.19,62001.87494,CW,609836,Level 1+,1,Good Standing,1,92,91
0.74,0.18,0.02,29902.49808,AB,609837,Level 1,2,Good Standing,1,82,63
0.84,0.04,0.08,76375.80255,C,609839,Level 2+,3,Good Standing,1,49,32
0.05,0.04,0.91,38380.71039,BH,609842,Level 1,2,Good Standing,1,67,68
0.98,0,0,28754.14504,AB,609844,Level 1,2,Intensive Support,3,51,46
0.89,0.05,0.05,24655.29598,AB,609845,Level 3,5,Intensive Support,3,13,6
0.94,0.04,0.02,16193.66372,AB,609848,Level 1+,1,Provisional Support,2,34,34
0.08,0.77,0.1,77634.10999,CW,609849,Level 2+,3,Good Standing,1,89,62
0.08,0.68,0.13,62380.47531,CW,609850,Level 1+,1,Good Standing,1,85,87
0.65,0.06,0.28,29981.22527,A,609851,Level 1,2,Intensive Support,3,22,28
0.06,0.65,0.21,75018.26458,C,609852,Level 1+,1,Good Standing,1,81,79
0.03,0.5,0.39,79088.28202,C,609853,Level 1+,1,Good Standing,1,63,74
0.12,0.53,0.3,51025.75062,B,609854,Level 2,4,Provisional Support,2,39,37
0.07,0.47,0.46,60614.14795,C,609856,Level 2+,3,Good Standing,1,68,54
0.04,0.41,0.41,60660.72144,C,609857,Level 1+,1,Good Standing,1,68,64
0.31,0.63,0.05,83397.61548,C,609861,Level 2+,3,Good Standing,1,71,50
0.92,0.02,0.06,37844.72897,BB,609862,Level 2+,3,Good Standing,1,68,66
0.03,0.79,0.11,75765.77309,CW,609863,Level 1,2,Good Standing,1,68,64
0.97,0,0.01,19816.39784,AB,609864,Level 2,4,Provisional Support,2,31,20
0.45,0.26,0.21,36962.16487,B,609865,Level 2+,3,Good Standing,1,41,36
0.02,0.77,0.13,73131.33827,CW,609866,Level 1+,1,Good Standing,1,99,99
0.02,0.11,0.85,35638.9886,BH,609867,Level 1+,1,Good Standing,1,46,46
0.96,0.01,0.03,31305.05087,BB,609869,Level 2,4,Intensive Support,3,12,12
0.44,0.02,0.51,30860.37267,B,609870,Level 2+,3,Good Standing,1,48,39
0.07,0.18,0.71,35002.71822,BH,609872,Level 1+,1,Good Standing,1,79,77
0.83,0.02,0.15,22948.80382,AB,609873,Level 2,4,Intensive Support,3,26,9
0.07,0.5,0.38,56242.3653,B,609875,Level 1+,1,Good Standing,1,61,52
0.37,0.1,0.51,65166.34869,C,609879,Level 1,2,Good Standing,1,67,79
0.95,0.02,0.02,25131.2288,AB,610293,Level 2,4,Provisional Support,2,13,9
0.97,0.02,0.01,38543.3746,BB,609883,Level 2,4,Provisional Support,2,32,37
0.01,0.7,0.25,59706.96591,B,609884,Level 1,2,Good Standing,1,84,81
0.56,0.13,0.22,32538.51861,B,609885,Level 1,2,Intensive Support,3,24,35
0.98,0.01,0,34463.90985,BB,609887,Level 1+,1,Good Standing,1,96,95
0.96,0.01,0.02,14774.08454,AB,609891,Level 2,4,Intensive Support,3,6,3
0.02,0.54,0.41,74798.36858,C,609893,Level 1,2,Good Standing,1,83,76
0.65,0.09,0.03,41076.16684,B,609894,Level 2,4,Intensive Support,3,16,6
0.89,0,0.1,20293.95067,AB,609897,Level 1+,1,Provisional Support,2,42,26
0.08,0.08,0.85,43318.8985,BH,609898,Level 1,2,Good Standing,1,58,41
0.84,0.02,0.13,30679.47437,BB,609900,Level 2+,3,Good Standing,1,28,44
0.02,0.77,0.1,80868.60699,C,609901,Level 1+,1,Good Standing,1,98,96
0.98,0,0,40935.64567,BB,610004,Level 1+,1,Good Standing,1,95,88
0.99,0,0,27698.63244,AB,610005,Level 1+,1,Good Standing,1,54,48
0.04,0.74,0.14,112055.9538,DW,610010,Level 1,2,Provisional Support,2,63,41
0.02,0.49,0.2,68578.19204,C,610011,Level 1+,1,Good Standing,1,91,90
0.26,0.53,0.1,98861.09205,C,610012,Level 2,4,Provisional Support,2,16,5
0.09,0.18,0.7,31551.28686,B,610013,Level 1,2,Good Standing,1,42,45
0.04,0.19,0.73,42480.14789,BH,610015,Level 1,2,Good Standing,1,70,46
0.41,0.5,0.07,104763.0073,D,610016,Level 1+,1,Good Standing,1,84,65
0.97,0.01,0.02,17029.0923,AB,610290,Level 2,4,Intensive Support,3,16,14
0.23,0.02,0.68,30326.98117,B,610100,Level 2,4,Intensive Support,3,31,17
0.97,0.01,0.02,19882.5855,AB,610102,Level 2,4,Intensive Support,3,14,6
0.92,0.03,0.02,19114.17784,AB,610103,Level 2,4,Intensive Support,3,33,28
0,0.86,0.11,54133.5967,B,610104,Level 1+,1,Good Standing,1,89,89
0.45,0.02,0.52,23028.75157,A,610106,Level 1+,1,Good Standing,1,35,49
0.93,0,0.05,26998.86876,AB,610108,Level 2+,3,Good Standing,1,25,21
0,0.41,0.35,70014.08176,C,610111,Level 1+,1,Good Standing,1,76,74
0.97,0.01,0.01,38378.35671,BB,610115,Level 1,2,Good Standing,1,37,32
0.97,0.02,0,21768.86555,AB,610116,Level 1+,1,Good Standing,1,65,54
0.01,0.16,0.81,47407.10542,BH,610120,Level 1,2,Good Standing,1,64,48
0.34,0.29,0.2,30918.47299,B,610121,Level 2+,3,Good Standing,1,52,36
0.07,0.65,0.18,72118.95904,C,610122,Level 1,2,Good Standing,1,79,65
0.89,0.04,0.06,25900.06664,AB,610123,Level 2,4,Provisional Support,2,32,20
0.99,0,0.01,24802.13123,AB,610124,Level 2,4,Provisional Support,2,21,20
0.04,0.15,0.8,40086.61723,BH,610125,Level 2+,3,Good Standing,1,54,43
0.56,0.18,0.04,63180.96434,C,610126,Level 2,4,Provisional Support,2,50,34
0.03,0.49,0.19,49512.24054,B,610127,Level 1,2,Good Standing,1,78,73
0.04,0.11,0.82,37175.09359,BH,610129,Level 1+,1,Good Standing,1,76,89
0.96,0.01,0.02,38633.59346,BB,610130,Level 1,2,Good Standing,1,41,31
0.49,0.07,0.43,26851.08924,A,610131,Level 1+,1,Good Standing,1,67,55
0.82,0.02,0.15,31447.63535,BB,610133,Level 3,5,Intensive Support,3,22,13
0.02,0.55,0.35,72591.08096,C,610135,Level 1,2,Good Standing,1,76,53
0.03,0.79,0.11,130220.3163,DW,610136,Level 1+,1,Good Standing,1,91,89
0.01,0.62,0.28,63581.18285,C,610137,Level 1+,1,Good Standing,1,83,83
0.71,0.11,0.16,15950.65741,A,610139,Level 1+,1,Good Standing,1,72,53
0.03,0.73,0.17,73571.32024,CW,610141,Level 1+,1,Good Standing,1,94,90
0.18,0.57,0.06,64688.50001,C,610142,Level 2+,3,Good Standing,1,71,66
0.81,0.11,0.03,33623.78038,BB,610143,Level 1+,1,Good Standing,1,46,40
0.95,0,0.02,31797.74497,BB,610146,Level 2,4,Provisional Support,2,43,21
0.1,0.55,0.15,75348.68896,C,610147,Level 1+,1,Good Standing,1,91,86
0.05,0.06,0.89,26011.43741,A,610148,Level 1+,1,Good Standing,1,76,95
0.97,0.01,0.01,35451.34508,BB,610152,Level 1,2,Good Standing,1,81,52
0.97,0,0.02,24565.28494,AB,610153,Level 1,2,Good Standing,1,42,27
0.01,0.7,0.1,93206.87911,C,610155,Level 1+,1,Good Standing,1,98,97
0,0.05,0.95,41570.37096,BH,610157,Level 2,4,Provisional Support,2,57,38
0.32,0.38,0.25,71904.64545,C,610158,Level 2,4,Provisional Support,2,63,41
0.02,0.03,0.93,38909.06955,BH,610167,Level 1,2,Good Standing,1,47,33
0.03,0.77,0.12,107273.4165,D,609828,Level 1+,1,Good Standing,1,84,76
0.05,0.14,0.8,39921.76951,B,609772,Level 1+,1,Good Standing,1,79,76
0.05,0.83,0.06,91936.34832,CW,609773,Level 1+,1,Good Standing,1,88,76
0.04,0.79,0.07,73647.98641,CW,609774,,,,,,
0.05,0.31,0.39,42440.35247,B,609777,Level 2+,3,Good Standing,1,63,46
0.01,0.77,0.13,103689.213,DW,609782,Level 1,2,Good Standing,1,93,86
0.97,0.02,0.01,22754.68875,AB,609786,Level 2+,3,Good Standing,1,42,36
0.03,0.38,0.54,46915.72808,B,610325,Level 1,2,Good Standing,1,43,54
0.56,0.35,0.05,78486.0175,C,609788,Level 2+,3,Good Standing,1,51,43
0.96,0.01,0.02,37824.69252,BB,609790,Level 2+,3,Good Standing,1,24,11
0.95,0.02,0.02,15280.49425,AB,609791,Level 1,2,Provisional Support,2,24,28
0.02,0.38,0.5,54728.82676,B,609792,Level 1+,1,Good Standing,1,68,56
0.94,0.02,0.02,21308.08161,AB,609793,Level 2,4,Provisional Support,2,10,10
0.62,0.12,0.24,34327.56681,B,609795,Level 1+,1,Good Standing,1,70,60
0.01,0.57,0.29,64488.13731,C,609796,Level 1+,1,Good Standing,1,97,95
0.94,0.04,0.02,17255.03894,AB,609797,Level 2+,3,Good Standing,1,30,24
0.05,0.59,0.23,78389.63116,C,609798,Level 1+,1,Good Standing,1,87,71
0.01,0.84,0.07,102588.4967,DW,609799,Level 1+,1,Good Standing,1,98,97
0.98,0,0,41293.12268,BB,609800,Level 1,2,Good Standing,1,52,45
0.02,0.79,0.1,97161.17223,CW,609803,Level 1+,1,Good Standing,1,98,97
0.92,0.02,0.02,28387.45222,AB,609805,Level 1+,1,Good Standing,1,45,31
0.93,0.01,0.03,26160.80258,AB,609806,Level 2,4,Intensive Support,3,12,8
0.71,0.05,0.23,66380.44223,C,609807,Level 2+,3,Good Standing,1,46,34
0.97,0,0.01,29884.43858,AB,609808,Level 1,2,Good Standing,1,29,26
0.01,0.53,0.41,79120.69698,C,609809,Level 1+,1,Good Standing,1,69,73
0.04,0.61,0.3,50833.43214,B,609810,Level 1+,1,Good Standing,1,83,83
0.48,0.05,0.45,17159.10378,A,609811,Level 2+,3,Good Standing,1,29,20
0.98,0.01,0.01,17433.46803,AB,609813,Level 1,2,Good Standing,1,17,20
0.94,0.02,0.02,27501.30795,AB,609815,Level 2+,3,Good Standing,1,55,46
0.03,0.54,0.21,67259.9537,C,609817,Level 1+,1,Good Standing,1,81,76
0.1,0.05,0.82,46832.4065,BH,609818,Level 1+,1,Good Standing,1,72,51
0.93,0.02,0.03,22719.65863,AB,609819,Level 2+,3,Intensive Support,3,23,27
0.01,0.84,0.07,122682.7506,DW,609820,Level 1+,1,Good Standing,1,97,95
0.92,0.04,0.02,36974.7366,BB,610345,Level 2+,3,Good Standing,1,52,23
0.9,0.02,0.06,32712.28079,BB,610347,Level 2,4,Provisional Support,2,26,20
0.16,0.32,0.51,65366.75003,C,610352,Level 1+,1,Good Standing,1,76,62
0.98,0,0,51559.42964,BB,610362,Level 1+,1,Good Standing,1,69,61
0.97,0.01,0.03,20368.8859,AB,610364,Level 1,2,Good Standing,1,34,13
0.91,0,0.01,57964.71176,BB,610366,Level 1+,1,Good Standing,1,85,85
0.96,0.01,0.03,26383.6799,AB,610367,Level 1,2,Good Standing,1,28,23
0.97,0.01,0.01,35031.40892,BB,610368,Level 2,4,Intensive Support,3,32,20
0.02,0.71,0.09,52034.83703,B,609874,Level 1+,1,Good Standing,1,85,84
0.12,0.46,0.27,57090.42889,B,609976,Level 1,2,Good Standing,1,79,74
0.03,0.09,0.86,43395.76546,BH,610533,Level 2,4,Provisional Support,2,47,44
0.02,0.07,0.9,45561.92845,BH,610068,Level 1,2,Good Standing,1,61,66
0.08,0.6,0.07,110900.1407,D,610177,Level 1+,1,Good Standing,1,99,99
0.72,0.15,0.05,24455.14731,AB,609812,Level 2,4,Intensive Support,3,20,10
0.12,0.55,0.27,88914.58933,C,610107,Level 2+,3,Good Standing,1,45,33
0.98,0.01,0.01,15647.66116,AB,610112,Level 1,2,Provisional Support,2,38,26
0.03,0.64,0.25,92006.90361,C,610029,Level 1+,1,Good Standing,1,70,67
0.04,0.6,0.33,94067.62537,C,610197,Level 1+,1,Good Standing,1,74,70
0,0.23,0.75,55480.05599,BH,610291,Level 1+,1,Good Standing,1,62,69
0.13,0.08,0.76,40046.99022,B,610006,Level 1,2,Good Standing,1,56,59
0.01,0.05,0.85,40585.0804,BH,610353,Level 1+,1,Good Standing,1,54,44
0.01,0.07,0.8,42791.72979,BH,610317,Level 2+,3,Good Standing,1,46,38
0.02,0.08,0.82,40655.26697,BH,609876,Level 2+,3,Good Standing,1,41,43
0.09,0.34,0.16,36261.84106,B,609859,Level 1+,1,Good Standing,1,81,90
0,0.84,0.11,68654.69573,CW,610105,Level 1+,1,Good Standing,1,95,92
0.97,0.01,0.01,56546.71601,BB,610032,Level 1,2,Good Standing,1,69,49
0.93,0.01,0.05,17734.51563,AB,610034,Level 2,4,Intensive Support,3,6,3
0.67,0.01,0.3,34598.58139,B,610036,Level 2+,3,Intensive Support,3,16,12
0.63,0.05,0.3,26079.56119,A,610037,Level 2+,3,Good Standing,1,17,26
0.05,0.78,0.06,90304.53433,CW,610038,Level 1+,1,Good Standing,1,99,99
0.02,0.36,0.53,53024.04965,B,610039,Level 1+,1,Good Standing,1,93,93
0.05,0.06,0.88,43778.68039,BH,610040,Level 1,2,Good Standing,1,48,55
0.02,0.37,0.56,55900.13107,B,610041,Level 1,2,Good Standing,1,69,50
0.63,0.08,0.27,48379.56104,B,610043,Level 1+,1,Good Standing,1,61,48
0.18,0.16,0.61,40791.36376,B,610044,Level 1,2,Good Standing,1,39,33
0.96,0.01,0.02,10721.03676,AB,610047,Level 2,4,Intensive Support,3,21,5
0.97,0.01,0.01,46060.37354,BB,610052,Level 2+,3,Good Standing,1,23,12
0.47,0.04,0.47,28622.40053,A,610053,Level 1,2,Good Standing,1,43,47
0.23,0.12,0.64,33024.92232,B,610054,Level 1,2,Good Standing,1,59,50
0.94,0.02,0.02,23976.84389,AB,610055,Level 2,4,Provisional Support,2,26,11
0.92,0.01,0.04,48391.87404,BB,610056,Level 1+,1,Good Standing,1,79,52
0.35,0.02,0.59,23927.11682,A,610057,Level 2,4,Provisional Support,2,30,16
0.04,0.82,0.06,110558.8604,DW,610059,Level 1+,1,Good Standing,1,96,94
0.89,0.07,0.01,41588.50297,BB,610110,Level 2,4,Provisional Support,2,55,36
0.03,0.5,0.23,66208.27318,C,610062,Level 1+,1,Good Standing,1,79,88
0.3,0.05,0.64,34001.11717,B,610063,Level 1,2,Good Standing,1,26,29
0.96,0.02,0.02,21466.18501,AB,610065,Level 1+,1,Good Standing,1,51,51
0.85,0.02,0.09,30173.08222,BB,610067,Level 2+,3,Good Standing,1,24,19
0.03,0.72,0.14,67746.8074,CW,610070,Level 2+,3,Good Standing,1,57,46
0.18,0.47,0.28,64082.52913,C,610073,Level 1,2,Good Standing,1,89,79
0.1,0.35,0.5,62354.00553,C,610076,Level 2+,3,Good Standing,1,57,56
0.42,0.01,0.57,33377.05534,B,610077,Level 2,4,Provisional Support,2,33,26
0.01,0.85,0.11,93855.85475,CW,610082,Level 1+,1,Good Standing,1,97,96
0.96,0,0.01,56897.72269,BB,610086,Level 2+,3,Good Standing,1,30,29
0.91,0.02,0.06,38523.39765,BB,610002,Level 1,2,Good Standing,1,70,58
0.05,0.2,0.73,43224.73519,BH,610088,Level 1,2,Good Standing,1,50,38
0.01,0.42,0.48,66580.6137,C,610089,Level 1,2,Good Standing,1,68,55
0.98,0,0.01,33533.99192,BB,610091,Level 1+,1,Good Standing,1,63,42
0.85,0.01,0.13,29325.88639,AB,610092,Level 1,2,Good Standing,1,53,50
0.93,0.03,0,46194.7612,BB,610093,Inability to Rate,FALSE,Intensive Support,3,16,8
0.03,0.8,0.06,78953.96377,CW,610094,Level 1,2,Good Standing,1,91,78
0.02,0.03,0.94,39830.06123,BH,610096,Level 1,2,Good Standing,1,61,63
0.01,0.04,0.93,39135.38512,BH,610097,Level 2,4,Provisional Support,2,17,19
0.25,0.02,0.72,32177.87867,BH,610098,Level 1,2,Good Standing,1,57,45
0.01,0.79,0.09,94736.61692,CW,610099,Level 1+,1,Good Standing,1,95,95
0.02,0.3,0.63,52649.76595,B,610074,Level 1,2,Good Standing,1,48,42
0.03,0.29,0.64,41416.11447,B,610541,Level 1+,1,Good Standing,1,63,66
0.26,0.3,0.19,45440.44759,B,609779,Level 1+,1,Good Standing,1,76,82
0.98,0.01,0.01,35908.2312,BB,609943,Level 2,4,Intensive Support,3,19,10
0.98,0,0,43470.19496,BB,610128,Level 2+,3,Good Standing,1,74,35
0.24,0.61,0.05,91781.79159,C,610048,Level 1,2,Good Standing,1,30,44
0.99,0.01,0,48487.63438,BB,610369,Level 1,2,Intensive Support,3,9,12
0.05,0.74,0.06,97951.44661,CW,610101,,,,,,
0.03,0.18,0.79,37332.77621,BH,610586,Level 2+,3,Good Standing,1,52,30